,fstop_id,fstop_name,fstop_lat,fstop_lon
0,101,Van Cortlandt Park - 242 St,40.889247999999995,-73.898583
1,101N,Van Cortlandt Park - 242 St,40.889247999999995,-73.898583
2,101S,Van Cortlandt Park - 242 St,40.889247999999995,-73.898583
3,103,238 St,40.884667,-73.90087
4,103N,238 St,40.884667,-73.90087
5,103S,238 St,40.884667,-73.90087
6,104,231 St,40.878856,-73.904834
7,104N,231 St,40.878856,-73.904834
8,104S,231 St,40.878856,-73.904834
9,106,Marble Hill - 225 St,40.874561,-73.90983100000001
10,106N,Marble Hill - 225 St,40.874561,-73.90983100000001
11,106S,Marble Hill - 225 St,40.874561,-73.90983100000001
12,107,215 St,40.869444,-73.915279
13,107N,215 St,40.869444,-73.915279
14,107S,215 St,40.869444,-73.915279
15,108,207 St,40.864621,-73.91882199999999
16,108N,207 St,40.864621,-73.91882199999999
17,108S,207 St,40.864621,-73.91882199999999
18,109,Dyckman St,40.860531,-73.925536
19,109N,Dyckman St,40.860531,-73.925536
20,109S,Dyckman St,40.860531,-73.925536
21,110,191 St,40.855225,-73.929412
22,110N,191 St,40.855225,-73.929412
23,110S,191 St,40.855225,-73.929412
24,111,181 St,40.849505,-73.933596
25,111N,181 St,40.849505,-73.933596
26,111S,181 St,40.849505,-73.933596
27,112,168 St - Washington Hts,40.840556,-73.94013299999999
28,112N,168 St - Washington Hts,40.840556,-73.94013299999999
29,112S,168 St - Washington Hts,40.840556,-73.94013299999999
30,113,157 St,40.834041,-73.94489
31,113N,157 St,40.834041,-73.94489
32,113S,157 St,40.834041,-73.94489
33,114,145 St,40.826551,-73.95036
34,114N,145 St,40.826551,-73.95036
35,114S,145 St,40.826551,-73.95036
36,115,137 St - City College,40.822008000000004,-73.953676
37,115N,137 St - City College,40.822008000000004,-73.953676
38,115S,137 St - City College,40.822008000000004,-73.953676
39,116,125 St,40.815581,-73.958372
40,116N,125 St,40.815581,-73.958372
41,116S,125 St,40.815581,-73.958372
42,117,116 St - Columbia University,40.807722,-73.96410999999999
43,117N,116 St - Columbia University,40.807722,-73.96410999999999
44,117S,116 St - Columbia University,40.807722,-73.96410999999999
45,118,Cathedral Pkwy (110 St),40.803967,-73.966847
46,118N,Cathedral Pkwy (110 St),40.803967,-73.966847
47,118S,Cathedral Pkwy (110 St),40.803967,-73.966847
48,119,103 St,40.799446,-73.968379
49,119N,103 St,40.799446,-73.968379
50,119S,103 St,40.799446,-73.968379
51,120,96 St,40.793919,-73.972323
52,120N,96 St,40.793919,-73.972323
53,120S,96 St,40.793919,-73.972323
54,121,86 St,40.788644,-73.976218
55,121N,86 St,40.788644,-73.976218
56,121S,86 St,40.788644,-73.976218
57,122,79 St,40.783934,-73.979917
58,122N,79 St,40.783934,-73.979917
59,122S,79 St,40.783934,-73.979917
60,123,72 St,40.778453000000006,-73.98196999999999
61,123N,72 St,40.778453000000006,-73.98196999999999
62,123S,72 St,40.778453000000006,-73.98196999999999
63,124,66 St - Lincoln Center,40.77344,-73.982209
64,124N,66 St - Lincoln Center,40.77344,-73.982209
65,124S,66 St - Lincoln Center,40.77344,-73.982209
66,125,59 St - Columbus Circle,40.768246999999995,-73.98192900000001
67,125N,59 St - Columbus Circle,40.768246999999995,-73.98192900000001
68,125S,59 St - Columbus Circle,40.768246999999995,-73.98192900000001
69,126,50 St,40.761728000000005,-73.98384899999999
70,126N,50 St,40.761728000000005,-73.98384899999999
71,126S,50 St,40.761728000000005,-73.98384899999999
72,127,Times Sq - 42 St,40.75529,-73.987495
73,127N,Times Sq - 42 St,40.75529,-73.987495
74,127S,Times Sq - 42 St,40.75529,-73.987495
75,128,34 St - Penn Station,40.750372999999996,-73.991057
76,128N,34 St - Penn Station,40.750372999999996,-73.991057
77,128S,34 St - Penn Station,40.750372999999996,-73.991057
78,129,28 St,40.747215000000004,-73.993365
79,129N,28 St,40.747215000000004,-73.993365
80,129S,28 St,40.747215000000004,-73.993365
81,130,23 St,40.744081,-73.995657
82,130N,23 St,40.744081,-73.995657
83,130S,23 St,40.744081,-73.995657
84,131,18 St,40.741040000000005,-73.99787099999999
85,131N,18 St,40.741040000000005,-73.99787099999999
86,131S,18 St,40.741040000000005,-73.99787099999999
87,132,14 St,40.737826,-74.000201
88,132N,14 St,40.737826,-74.000201
89,132S,14 St,40.737826,-74.000201
90,133,Christopher St - Sheridan Sq,40.733422,-74.00290600000001
91,133N,Christopher St - Sheridan Sq,40.733422,-74.00290600000001
92,133S,Christopher St - Sheridan Sq,40.733422,-74.00290600000001
93,134,Houston St,40.728251,-74.005367
94,134N,Houston St,40.728251,-74.005367
95,134S,Houston St,40.728251,-74.005367
96,135,Canal St,40.722854,-74.006277
97,135N,Canal St,40.722854,-74.006277
98,135S,Canal St,40.722854,-74.006277
99,136,Franklin St,40.719318,-74.006886
100,136N,Franklin St,40.719318,-74.006886
101,136S,Franklin St,40.719318,-74.006886
102,137,Chambers St,40.715478000000004,-74.009266
103,137N,Chambers St,40.715478000000004,-74.009266
104,137S,Chambers St,40.715478000000004,-74.009266
105,138,Cortlandt St,40.711835,-74.012188
106,138N,Cortlandt St,40.711835,-74.012188
107,138S,Cortlandt St,40.711835,-74.012188
108,139,Rector St,40.707513,-74.01378299999999
109,139N,Rector St,40.707513,-74.01378299999999
110,139S,Rector St,40.707513,-74.01378299999999
111,140,South Ferry Loop,40.701411,-74.013205
112,140N,South Ferry Loop,40.701411,-74.013205
113,140S,South Ferry Loop,40.701411,-74.013205
114,142,South Ferry,40.702068,-74.013664
115,142N,South Ferry,40.702068,-74.013664
116,142S,South Ferry,40.702068,-74.013664
117,201,Wakefield - 241 St,40.903125,-73.85061999999999
118,201N,Wakefield - 241 St,40.903125,-73.85061999999999
119,201S,Wakefield - 241 St,40.903125,-73.85061999999999
120,204,Nereid Av,40.898379,-73.854376
121,204N,Nereid Av,40.898379,-73.854376
122,204S,Nereid Av,40.898379,-73.854376
123,205,233 St,40.893193,-73.857473
124,205N,233 St,40.893193,-73.857473
125,205S,233 St,40.893193,-73.857473
126,206,225 St,40.888022,-73.860341
127,206N,225 St,40.888022,-73.860341
128,206S,225 St,40.888022,-73.860341
129,207,219 St,40.883895,-73.862633
130,207N,219 St,40.883895,-73.862633
131,207S,219 St,40.883895,-73.862633
132,208,Gun Hill Rd,40.87785,-73.866256
133,208N,Gun Hill Rd,40.87785,-73.866256
134,208S,Gun Hill Rd,40.87785,-73.866256
135,209,Burke Av,40.871356,-73.867164
136,209N,Burke Av,40.871356,-73.867164
137,209S,Burke Av,40.871356,-73.867164
138,210,Allerton Av,40.865462,-73.867352
139,210N,Allerton Av,40.865462,-73.867352
140,210S,Allerton Av,40.865462,-73.867352
141,211,Pelham Pkwy,40.857192,-73.867615
142,211N,Pelham Pkwy,40.857192,-73.867615
143,211S,Pelham Pkwy,40.857192,-73.867615
144,212,Bronx Park East,40.848828000000005,-73.86845699999999
145,212N,Bronx Park East,40.848828000000005,-73.86845699999999
146,212S,Bronx Park East,40.848828000000005,-73.86845699999999
147,213,E 180 St,40.841894,-73.873488
148,213N,E 180 St,40.841894,-73.873488
149,213S,E 180 St,40.841894,-73.873488
150,214,West Farms Sq - E Tremont Av,40.840295000000005,-73.880049
151,214N,West Farms Sq - E Tremont Av,40.840295000000005,-73.880049
152,214S,West Farms Sq - E Tremont Av,40.840295000000005,-73.880049
153,215,174 St,40.837288,-73.887734
154,215N,174 St,40.837288,-73.887734
155,215S,174 St,40.837288,-73.887734
156,216,Freeman St,40.829993,-73.891865
157,216N,Freeman St,40.829993,-73.891865
158,216S,Freeman St,40.829993,-73.891865
159,217,Simpson St,40.824073,-73.893064
160,217N,Simpson St,40.824073,-73.893064
161,217S,Simpson St,40.824073,-73.893064
162,218,Intervale Av,40.822181,-73.896736
163,218N,Intervale Av,40.822181,-73.896736
164,218S,Intervale Av,40.822181,-73.896736
165,219,Prospect Av,40.819585,-73.90177
166,219N,Prospect Av,40.819585,-73.90177
167,219S,Prospect Av,40.819585,-73.90177
168,220,Jackson Av,40.81649,-73.90780699999999
169,220N,Jackson Av,40.81649,-73.90780699999999
170,220S,Jackson Av,40.81649,-73.90780699999999
171,221,3 Av - 149 St,40.816109000000004,-73.917757
172,221N,3 Av - 149 St,40.816109000000004,-73.917757
173,221S,3 Av - 149 St,40.816109000000004,-73.917757
174,222,149 St - Grand Concourse,40.81841,-73.92671800000001
175,222N,149 St - Grand Concourse,40.81841,-73.92671800000001
176,222S,149 St - Grand Concourse,40.81841,-73.92671800000001
177,224,135 St,40.814229,-73.94077
178,224N,135 St,40.814229,-73.94077
179,224S,135 St,40.814229,-73.94077
180,225,125 St,40.807753999999996,-73.945495
181,225N,125 St,40.807753999999996,-73.945495
182,225S,125 St,40.807753999999996,-73.945495
183,226,116 St,40.802098,-73.949625
184,226N,116 St,40.802098,-73.949625
185,226S,116 St,40.802098,-73.949625
186,227,Central Park North (110 St),40.799075,-73.95182199999999
187,227N,Central Park North (110 St),40.799075,-73.95182199999999
188,227S,Central Park North (110 St),40.799075,-73.95182199999999
189,228,Park Pl,40.713051,-74.008811
190,228N,Park Pl,40.713051,-74.008811
191,228S,Park Pl,40.713051,-74.008811
192,229,Fulton St,40.709416,-74.006571
193,229N,Fulton St,40.709416,-74.006571
194,229S,Fulton St,40.709416,-74.006571
195,230,Wall St,40.706821000000005,-74.0091
196,230N,Wall St,40.706821000000005,-74.0091
197,230S,Wall St,40.706821000000005,-74.0091
198,231,Clark St,40.697466,-73.993086
199,231N,Clark St,40.697466,-73.993086
200,231S,Clark St,40.697466,-73.993086
201,232,Borough Hall,40.693219,-73.989998
202,232N,Borough Hall,40.693219,-73.989998
203,232S,Borough Hall,40.693219,-73.989998
204,233,Hoyt St,40.690545,-73.985065
205,233N,Hoyt St,40.690545,-73.985065
206,233S,Hoyt St,40.690545,-73.985065
207,234,Nevins St,40.688246,-73.980492
208,234N,Nevins St,40.688246,-73.980492
209,234S,Nevins St,40.688246,-73.980492
210,235,Atlantic Av - Barclays Ctr,40.684359,-73.977666
211,235N,Atlantic Av - Barclays Ctr,40.684359,-73.977666
212,235S,Atlantic Av - Barclays Ctr,40.684359,-73.977666
213,236,Bergen St,40.680828999999996,-73.975098
214,236N,Bergen St,40.680828999999996,-73.975098
215,236S,Bergen St,40.680828999999996,-73.975098
216,237,Grand Army Plaza,40.675235,-73.971046
217,237N,Grand Army Plaza,40.675235,-73.971046
218,237S,Grand Army Plaza,40.675235,-73.971046
219,238,Eastern Pkwy - Brooklyn Museum,40.671987,-73.964375
220,238N,Eastern Pkwy - Brooklyn Museum,40.671987,-73.964375
221,238S,Eastern Pkwy - Brooklyn Museum,40.671987,-73.964375
222,239,Franklin Av,40.670682,-73.95813100000001
223,239N,Franklin Av,40.670682,-73.95813100000001
224,239S,Franklin Av,40.670682,-73.95813100000001
225,241,President St,40.667883,-73.950683
226,241N,President St,40.667883,-73.950683
227,241S,President St,40.667883,-73.950683
228,242,Sterling St,40.662742,-73.95085
229,242N,Sterling St,40.662742,-73.95085
230,242S,Sterling St,40.662742,-73.95085
231,243,Winthrop St,40.656652,-73.9502
232,243N,Winthrop St,40.656652,-73.9502
233,243S,Winthrop St,40.656652,-73.9502
234,244,Church Av,40.650843,-73.949575
235,244N,Church Av,40.650843,-73.949575
236,244S,Church Av,40.650843,-73.949575
237,245,Beverly Rd,40.645098,-73.948959
238,245N,Beverly Rd,40.645098,-73.948959
239,245S,Beverly Rd,40.645098,-73.948959
240,246,Newkirk Av,40.639967,-73.948411
241,246N,Newkirk Av,40.639967,-73.948411
242,246S,Newkirk Av,40.639967,-73.948411
243,247,Flatbush Av - Brooklyn College,40.632836,-73.947642
244,247N,Flatbush Av - Brooklyn College,40.632836,-73.947642
245,247S,Flatbush Av - Brooklyn College,40.632836,-73.947642
246,248,Nostrand Av,40.669847,-73.950466
247,248N,Nostrand Av,40.669847,-73.950466
248,248S,Nostrand Av,40.669847,-73.950466
249,249,Kingston Av,40.669399,-73.942161
250,249N,Kingston Av,40.669399,-73.942161
251,249S,Kingston Av,40.669399,-73.942161
252,250,Crown Hts - Utica Av,40.668896999999994,-73.93294200000001
253,250N,Crown Hts - Utica Av,40.668896999999994,-73.93294200000001
254,250S,Crown Hts - Utica Av,40.668896999999994,-73.93294200000001
255,251,Sutter Av - Rutland Rd,40.664716999999996,-73.92260999999999
256,251N,Sutter Av - Rutland Rd,40.664716999999996,-73.92260999999999
257,251S,Sutter Av - Rutland Rd,40.664716999999996,-73.92260999999999
258,252,Saratoga Av,40.661453,-73.916327
259,252N,Saratoga Av,40.661453,-73.916327
260,252S,Saratoga Av,40.661453,-73.916327
261,253,Rockaway Av,40.662549,-73.908946
262,253N,Rockaway Av,40.662549,-73.908946
263,253S,Rockaway Av,40.662549,-73.908946
264,254,Junius St,40.663515000000004,-73.902447
265,254N,Junius St,40.663515000000004,-73.902447
266,254S,Junius St,40.663515000000004,-73.902447
267,255,Pennsylvania Av,40.664635,-73.89489499999999
268,255N,Pennsylvania Av,40.664635,-73.89489499999999
269,255S,Pennsylvania Av,40.664635,-73.89489499999999
270,256,Van Siclen Av,40.665449,-73.889395
271,256N,Van Siclen Av,40.665449,-73.889395
272,256S,Van Siclen Av,40.665449,-73.889395
273,257,New Lots Av,40.666235,-73.884079
274,257N,New Lots Av,40.666235,-73.884079
275,257S,New Lots Av,40.666235,-73.884079
276,301,Harlem - 148 St,40.823879999999996,-73.93647
277,301N,Harlem - 148 St,40.823879999999996,-73.93647
278,301S,Harlem - 148 St,40.823879999999996,-73.93647
279,302,145 St,40.820421,-73.936245
280,302N,145 St,40.820421,-73.936245
281,302S,145 St,40.820421,-73.936245
282,401,Woodlawn,40.886037,-73.878751
283,401N,Woodlawn,40.886037,-73.878751
284,401S,Woodlawn,40.886037,-73.878751
285,402,Mosholu Pkwy,40.87975,-73.88465500000001
286,402N,Mosholu Pkwy,40.87975,-73.88465500000001
287,402S,Mosholu Pkwy,40.87975,-73.88465500000001
288,405,Bedford Park Blvd - Lehman College,40.873412,-73.890064
289,405N,Bedford Park Blvd - Lehman College,40.873412,-73.890064
290,405S,Bedford Park Blvd - Lehman College,40.873412,-73.890064
291,406,Kingsbridge Rd,40.86776,-73.89717399999999
292,406N,Kingsbridge Rd,40.86776,-73.89717399999999
293,406S,Kingsbridge Rd,40.86776,-73.89717399999999
294,407,Fordham Rd,40.862803,-73.901034
295,407N,Fordham Rd,40.862803,-73.901034
296,407S,Fordham Rd,40.862803,-73.901034
297,408,183 St,40.858407,-73.903879
298,408N,183 St,40.858407,-73.903879
299,408S,183 St,40.858407,-73.903879
300,409,Burnside Av,40.853453,-73.907684
301,409N,Burnside Av,40.853453,-73.907684
302,409S,Burnside Av,40.853453,-73.907684
303,410,176 St,40.84848,-73.911794
304,410N,176 St,40.84848,-73.911794
305,410S,176 St,40.84848,-73.911794
306,411,Mt Eden Av,40.844434,-73.91468499999999
307,411N,Mt Eden Av,40.844434,-73.91468499999999
308,411S,Mt Eden Av,40.844434,-73.91468499999999
309,412,170 St,40.840075,-73.91779100000001
310,412N,170 St,40.840075,-73.91779100000001
311,412S,170 St,40.840075,-73.91779100000001
312,413,167 St,40.835537,-73.9214
313,413N,167 St,40.835537,-73.9214
314,413S,167 St,40.835537,-73.9214
315,414,161 St - Yankee Stadium,40.827994,-73.925831
316,414N,161 St - Yankee Stadium,40.827994,-73.925831
317,414S,161 St - Yankee Stadium,40.827994,-73.925831
318,415,149 St - Grand Concourse,40.818375,-73.927351
319,415N,149 St - Grand Concourse,40.818375,-73.927351
320,415S,149 St - Grand Concourse,40.818375,-73.927351
321,416,138 St - Grand Concourse,40.813224,-73.929849
322,416N,138 St - Grand Concourse,40.813224,-73.929849
323,416S,138 St - Grand Concourse,40.813224,-73.929849
324,418,Fulton St,40.710368,-74.009509
325,418N,Fulton St,40.710368,-74.009509
326,418S,Fulton St,40.710368,-74.009509
327,419,Wall St,40.707557,-74.011862
328,419N,Wall St,40.707557,-74.011862
329,419S,Wall St,40.707557,-74.011862
330,420,Bowling Green,40.704817,-74.014065
331,420N,Bowling Green,40.704817,-74.014065
332,420S,Bowling Green,40.704817,-74.014065
333,423,Borough Hall,40.692403999999996,-73.990151
334,423N,Borough Hall,40.692403999999996,-73.990151
335,423S,Borough Hall,40.692403999999996,-73.990151
336,501,Eastchester - Dyre Av,40.8883,-73.830834
337,501N,Eastchester - Dyre Av,40.8883,-73.830834
338,501S,Eastchester - Dyre Av,40.8883,-73.830834
339,502,Baychester Av,40.878663,-73.83859100000001
340,502N,Baychester Av,40.878663,-73.83859100000001
341,502S,Baychester Av,40.878663,-73.83859100000001
342,503,Gun Hill Rd,40.869526,-73.846384
343,503N,Gun Hill Rd,40.869526,-73.846384
344,503S,Gun Hill Rd,40.869526,-73.846384
345,504,Pelham Pkwy,40.858985,-73.85535899999999
346,504N,Pelham Pkwy,40.858985,-73.85535899999999
347,504S,Pelham Pkwy,40.858985,-73.85535899999999
348,505,Morris Park,40.854364000000004,-73.860495
349,505N,Morris Park,40.854364000000004,-73.860495
350,505S,Morris Park,40.854364000000004,-73.860495
351,601,Pelham Bay Park,40.852462,-73.828121
352,601N,Pelham Bay Park,40.852462,-73.828121
353,601S,Pelham Bay Park,40.852462,-73.828121
354,602,Buhre Av,40.84681,-73.83256899999999
355,602N,Buhre Av,40.84681,-73.83256899999999
356,602S,Buhre Av,40.84681,-73.83256899999999
357,603,Middletown Rd,40.843863,-73.836322
358,603N,Middletown Rd,40.843863,-73.836322
359,603S,Middletown Rd,40.843863,-73.836322
360,604,Westchester Sq - E Tremont Av,40.839892,-73.842952
361,604N,Westchester Sq - E Tremont Av,40.839892,-73.842952
362,604S,Westchester Sq - E Tremont Av,40.839892,-73.842952
363,606,Zerega Av,40.836488,-73.847036
364,606N,Zerega Av,40.836488,-73.847036
365,606S,Zerega Av,40.836488,-73.847036
366,607,Castle Hill Av,40.834255,-73.85122199999999
367,607N,Castle Hill Av,40.834255,-73.85122199999999
368,607S,Castle Hill Av,40.834255,-73.85122199999999
369,608,Parkchester,40.833226,-73.860816
370,608N,Parkchester,40.833226,-73.860816
371,608S,Parkchester,40.833226,-73.860816
372,609,St Lawrence Av,40.831509000000004,-73.86761800000001
373,609N,St Lawrence Av,40.831509000000004,-73.86761800000001
374,609S,St Lawrence Av,40.831509000000004,-73.86761800000001
375,610,Morrison Av- Sound View,40.829521,-73.874516
376,610N,Morrison Av- Sound View,40.829521,-73.874516
377,610S,Morrison Av- Sound View,40.829521,-73.874516
378,611,Elder Av,40.828584,-73.879159
379,611N,Elder Av,40.828584,-73.879159
380,611S,Elder Av,40.828584,-73.879159
381,612,Whitlock Av,40.826525,-73.88628299999999
382,612N,Whitlock Av,40.826525,-73.88628299999999
383,612S,Whitlock Av,40.826525,-73.88628299999999
384,613,Hunts Point Av,40.820948,-73.890549
385,613N,Hunts Point Av,40.820948,-73.890549
386,613S,Hunts Point Av,40.820948,-73.890549
387,614,Longwood Av,40.816103999999996,-73.896435
388,614N,Longwood Av,40.816103999999996,-73.896435
389,614S,Longwood Av,40.816103999999996,-73.896435
390,615,E 149 St,40.812118,-73.904098
391,615N,E 149 St,40.812118,-73.904098
392,615S,E 149 St,40.812118,-73.904098
393,616,E 143 St - St Mary's St,40.808719,-73.907657
394,616N,E 143 St - St Mary's St,40.808719,-73.907657
395,616S,E 143 St - St Mary's St,40.808719,-73.907657
396,617,Cypress Av,40.805368,-73.91404200000001
397,617N,Cypress Av,40.805368,-73.91404200000001
398,617S,Cypress Av,40.805368,-73.91404200000001
399,618,Brook Av,40.807565999999994,-73.91924
400,618N,Brook Av,40.807565999999994,-73.91924
401,618S,Brook Av,40.807565999999994,-73.91924
402,619,3 Av - 138 St,40.810476,-73.926138
403,619N,3 Av - 138 St,40.810476,-73.926138
404,619S,3 Av - 138 St,40.810476,-73.926138
405,621,125 St,40.804138,-73.93759399999999
406,621N,125 St,40.804138,-73.93759399999999
407,621S,125 St,40.804138,-73.93759399999999
408,622,116 St,40.798629,-73.94161700000001
409,622N,116 St,40.798629,-73.94161700000001
410,622S,116 St,40.798629,-73.94161700000001
411,623,110 St,40.79502,-73.94425
412,623N,110 St,40.79502,-73.94425
413,623S,110 St,40.79502,-73.94425
414,624,103 St,40.7906,-73.947478
415,624N,103 St,40.7906,-73.947478
416,624S,103 St,40.7906,-73.947478
417,625,96 St,40.785672,-73.95107
418,625N,96 St,40.785672,-73.95107
419,625S,96 St,40.785672,-73.95107
420,626,86 St,40.779492,-73.955589
421,626N,86 St,40.779492,-73.955589
422,626S,86 St,40.779492,-73.955589
423,627,77 St,40.77362,-73.959874
424,627N,77 St,40.77362,-73.959874
425,627S,77 St,40.77362,-73.959874
426,628,68 St - Hunter College,40.768141,-73.96387
427,628N,68 St - Hunter College,40.768141,-73.96387
428,628S,68 St - Hunter College,40.768141,-73.96387
429,629,59 St,40.762526,-73.967967
430,629N,59 St,40.762526,-73.967967
431,629S,59 St,40.762526,-73.967967
432,630,51 St,40.757107,-73.97192
433,630N,51 St,40.757107,-73.97192
434,630S,51 St,40.757107,-73.97192
435,631,Grand Central - 42 St,40.751776,-73.976848
436,631N,Grand Central - 42 St,40.751776,-73.976848
437,631S,Grand Central - 42 St,40.751776,-73.976848
438,632,33 St,40.746081,-73.982076
439,632N,33 St,40.746081,-73.982076
440,632S,33 St,40.746081,-73.982076
441,633,28 St,40.74307,-73.984264
442,633N,28 St,40.74307,-73.984264
443,633S,28 St,40.74307,-73.984264
444,634,23 St,40.739864000000004,-73.986599
445,634N,23 St,40.739864000000004,-73.986599
446,634S,23 St,40.739864000000004,-73.986599
447,635,14 St - Union Sq,40.734673,-73.989951
448,635N,14 St - Union Sq,40.734673,-73.989951
449,635S,14 St - Union Sq,40.734673,-73.989951
450,636,Astor Pl,40.730053999999996,-73.99107
451,636N,Astor Pl,40.730053999999996,-73.99107
452,636S,Astor Pl,40.730053999999996,-73.99107
453,637,Bleecker St,40.725915,-73.994659
454,637N,Bleecker St,40.725915,-73.994659
455,637S,Bleecker St,40.725915,-73.994659
456,638,Spring St,40.722301,-73.997141
457,638N,Spring St,40.722301,-73.997141
458,638S,Spring St,40.722301,-73.997141
459,639,Canal St,40.718803,-74.00019300000001
460,639N,Canal St,40.718803,-74.00019300000001
461,639S,Canal St,40.718803,-74.00019300000001
462,640,Brooklyn Bridge - City Hall,40.713065,-74.004131
463,640N,Brooklyn Bridge - City Hall,40.713065,-74.004131
464,640S,Brooklyn Bridge - City Hall,40.713065,-74.004131
465,701,Flushing - Main St,40.7596,-73.83003000000001
466,701N,Flushing - Main St,40.7596,-73.83003000000001
467,701S,Flushing - Main St,40.7596,-73.83003000000001
468,702,Mets - Willets Point,40.754622,-73.845625
469,702N,Mets - Willets Point,40.754622,-73.845625
470,702S,Mets - Willets Point,40.754622,-73.845625
471,705,111 St,40.75173,-73.855334
472,705N,111 St,40.75173,-73.855334
473,705S,111 St,40.75173,-73.855334
474,706,103 St - Corona Plaza,40.749865,-73.8627
475,706N,103 St - Corona Plaza,40.749865,-73.8627
476,706S,103 St - Corona Plaza,40.749865,-73.8627
477,707,Junction Blvd,40.749145,-73.869527
478,707N,Junction Blvd,40.749145,-73.869527
479,707S,Junction Blvd,40.749145,-73.869527
480,708,90 St - Elmhurst Av,40.748408000000005,-73.876613
481,708N,90 St - Elmhurst Av,40.748408000000005,-73.876613
482,708S,90 St - Elmhurst Av,40.748408000000005,-73.876613
483,709,82 St - Jackson Hts,40.747659000000006,-73.883697
484,709N,82 St - Jackson Hts,40.747659000000006,-73.883697
485,709S,82 St - Jackson Hts,40.747659000000006,-73.883697
486,710,74 St - Broadway,40.746848,-73.89139399999999
487,710N,74 St - Broadway,40.746848,-73.89139399999999
488,710S,74 St - Broadway,40.746848,-73.89139399999999
489,711,69 St,40.746325,-73.896403
490,711N,69 St,40.746325,-73.896403
491,711S,69 St,40.746325,-73.896403
492,712,Woodside - 61 St,40.74563,-73.902984
493,712N,Woodside - 61 St,40.74563,-73.902984
494,712S,Woodside - 61 St,40.74563,-73.902984
495,713,52 St,40.744149,-73.912549
496,713N,52 St,40.744149,-73.912549
497,713S,52 St,40.744149,-73.912549
498,714,46 St - Bliss St,40.743132,-73.918435
499,714N,46 St - Bliss St,40.743132,-73.918435
500,714S,46 St - Bliss St,40.743132,-73.918435
501,715,40 St - Lowery St,40.743781,-73.92401600000001
502,715N,40 St - Lowery St,40.743781,-73.92401600000001
503,715S,40 St - Lowery St,40.743781,-73.92401600000001
504,716,33 St - Rawson St,40.744587,-73.93099699999999
505,716N,33 St - Rawson St,40.744587,-73.93099699999999
506,716S,33 St - Rawson St,40.744587,-73.93099699999999
507,718,Queensboro Plaza,40.750582,-73.940202
508,718N,Queensboro Plaza,40.750582,-73.940202
509,718S,Queensboro Plaza,40.750582,-73.940202
510,719,Court Sq,40.747023,-73.945264
511,719N,Court Sq,40.747023,-73.945264
512,719S,Court Sq,40.747023,-73.945264
513,720,Hunters Point Av,40.742216,-73.948916
514,720N,Hunters Point Av,40.742216,-73.948916
515,720S,Hunters Point Av,40.742216,-73.948916
516,721,Vernon Blvd - Jackson Av,40.742626,-73.953581
517,721N,Vernon Blvd - Jackson Av,40.742626,-73.953581
518,721S,Vernon Blvd - Jackson Av,40.742626,-73.953581
519,723,Grand Central - 42 St,40.751431,-73.97604100000001
520,723N,Grand Central - 42 St,40.751431,-73.97604100000001
521,723S,Grand Central - 42 St,40.751431,-73.97604100000001
522,724,5 Av,40.753821,-73.98196300000001
523,724N,5 Av,40.753821,-73.98196300000001
524,724S,5 Av,40.753821,-73.98196300000001
525,725,Times Sq - 42 St,40.755477,-73.987691
526,725N,Times Sq - 42 St,40.755477,-73.987691
527,725S,Times Sq - 42 St,40.755477,-73.987691
528,726,34 St - Hudson Yds,40.755882,-74.00191
529,726N,34 St - Hudson Yds,40.755882,-74.00191
530,726S,34 St - Hudson Yds,40.755882,-74.00191
531,901,Grand Central - 42 St,40.752769,-73.979189
532,901N,Grand Central - 42 St,40.752769,-73.979189
533,901S,Grand Central - 42 St,40.752769,-73.979189
534,902,Times Sq - 42 St,40.755983,-73.98622900000001
535,902N,Times Sq - 42 St,40.755983,-73.98622900000001
536,902S,Times Sq - 42 St,40.755983,-73.98622900000001
537,A02,Inwood - 207 St,40.868072,-73.919899
538,A02N,Inwood - 207 St,40.868072,-73.919899
539,A02S,Inwood - 207 St,40.868072,-73.919899
540,A03,Dyckman St,40.865491,-73.92727099999999
541,A03N,Dyckman St,40.865491,-73.92727099999999
542,A03S,Dyckman St,40.865491,-73.92727099999999
543,A05,190 St,40.859021999999996,-73.93418
544,A05N,190 St,40.859021999999996,-73.93418
545,A05S,190 St,40.859021999999996,-73.93418
546,A06,181 St,40.851695,-73.937969
547,A06N,181 St,40.851695,-73.937969
548,A06S,181 St,40.851695,-73.937969
549,A07,175 St,40.847390999999995,-73.939704
550,A07N,175 St,40.847390999999995,-73.939704
551,A07S,175 St,40.847390999999995,-73.939704
552,A09,168 St,40.840719,-73.939561
553,A09N,168 St,40.840719,-73.939561
554,A09S,168 St,40.840719,-73.939561
555,A10,163 St - Amsterdam Av,40.836013,-73.939892
556,A10N,163 St - Amsterdam Av,40.836013,-73.939892
557,A10S,163 St - Amsterdam Av,40.836013,-73.939892
558,A11,155 St,40.830518,-73.941514
559,A11N,155 St,40.830518,-73.941514
560,A11S,155 St,40.830518,-73.941514
561,A12,145 St,40.824783000000004,-73.944216
562,A12N,145 St,40.824783000000004,-73.944216
563,A12S,145 St,40.824783000000004,-73.944216
564,A14,135 St,40.817894,-73.947649
565,A14N,135 St,40.817894,-73.947649
566,A14S,135 St,40.817894,-73.947649
567,A15,125 St,40.811109,-73.952343
568,A15N,125 St,40.811109,-73.952343
569,A15S,125 St,40.811109,-73.952343
570,A16,116 St,40.805085,-73.954882
571,A16N,116 St,40.805085,-73.954882
572,A16S,116 St,40.805085,-73.954882
573,A17,Cathedral Pkwy (110 St),40.800603,-73.958161
574,A17N,Cathedral Pkwy (110 St),40.800603,-73.958161
575,A17S,Cathedral Pkwy (110 St),40.800603,-73.958161
576,A18,103 St,40.796092,-73.961454
577,A18N,103 St,40.796092,-73.961454
578,A18S,103 St,40.796092,-73.961454
579,A19,96 St,40.791641999999996,-73.96469599999999
580,A19N,96 St,40.791641999999996,-73.96469599999999
581,A19S,96 St,40.791641999999996,-73.96469599999999
582,A20,86 St,40.785868,-73.96891600000001
583,A20N,86 St,40.785868,-73.96891600000001
584,A20S,86 St,40.785868,-73.96891600000001
585,A21,81 St - Museum of Natural History,40.781433,-73.972143
586,A21N,81 St - Museum of Natural History,40.781433,-73.972143
587,A21S,81 St - Museum of Natural History,40.781433,-73.972143
588,A22,72 St,40.775594,-73.97641
589,A22N,72 St,40.775594,-73.97641
590,A22S,72 St,40.775594,-73.97641
591,A24,59 St - Columbus Circle,40.768296,-73.981736
592,A24N,59 St - Columbus Circle,40.768296,-73.981736
593,A24S,59 St - Columbus Circle,40.768296,-73.981736
594,A25,50 St,40.762456,-73.985984
595,A25N,50 St,40.762456,-73.985984
596,A25S,50 St,40.762456,-73.985984
597,A27,42 St - Port Authority Bus Terminal,40.757308,-73.989735
598,A27N,42 St - Port Authority Bus Terminal,40.757308,-73.989735
599,A27S,42 St - Port Authority Bus Terminal,40.757308,-73.989735
600,A28,34 St - Penn Station,40.752287,-73.993391
601,A28N,34 St - Penn Station,40.752287,-73.993391
602,A28S,34 St - Penn Station,40.752287,-73.993391
603,A30,23 St,40.745906,-73.998041
604,A30N,23 St,40.745906,-73.998041
605,A30S,23 St,40.745906,-73.998041
606,A31,14 St,40.740893,-74.00169
607,A31N,14 St,40.740893,-74.00169
608,A31S,14 St,40.740893,-74.00169
609,A32,W 4 St - Wash Sq,40.732338,-74.000495
610,A32N,W 4 St - Wash Sq,40.732338,-74.000495
611,A32S,W 4 St - Wash Sq,40.732338,-74.000495
612,A33,Spring St,40.726227,-74.003739
613,A33N,Spring St,40.726227,-74.003739
614,A33S,Spring St,40.726227,-74.003739
615,A34,Canal St,40.720824,-74.005229
616,A34N,Canal St,40.720824,-74.005229
617,A34S,Canal St,40.720824,-74.005229
618,A36,Chambers St,40.714110999999995,-74.008585
619,A36N,Chambers St,40.714110999999995,-74.008585
620,A36S,Chambers St,40.714110999999995,-74.008585
621,A38,Fulton St,40.710196999999994,-74.00769100000001
622,A38N,Fulton St,40.710196999999994,-74.00769100000001
623,A38S,Fulton St,40.710196999999994,-74.00769100000001
624,A40,High St,40.699337,-73.990531
625,A40N,High St,40.699337,-73.990531
626,A40S,High St,40.699337,-73.990531
627,A41,Jay St - MetroTech,40.692338,-73.987342
628,A41N,Jay St - MetroTech,40.692338,-73.987342
629,A41S,Jay St - MetroTech,40.692338,-73.987342
630,A42,Hoyt - Schermerhorn Sts,40.688484,-73.985001
631,A42N,Hoyt - Schermerhorn Sts,40.688484,-73.985001
632,A42S,Hoyt - Schermerhorn Sts,40.688484,-73.985001
633,A43,Lafayette Av,40.686113,-73.973946
634,A43N,Lafayette Av,40.686113,-73.973946
635,A43S,Lafayette Av,40.686113,-73.973946
636,A44,Clinton - Washington Avs,40.683263000000004,-73.965838
637,A44N,Clinton - Washington Avs,40.683263000000004,-73.965838
638,A44S,Clinton - Washington Avs,40.683263000000004,-73.965838
639,A45,Franklin Av,40.68138,-73.956848
640,A45N,Franklin Av,40.68138,-73.956848
641,A45S,Franklin Av,40.68138,-73.956848
642,A46,Nostrand Av,40.680438,-73.95042600000001
643,A46N,Nostrand Av,40.680438,-73.95042600000001
644,A46S,Nostrand Av,40.680438,-73.95042600000001
645,A47,Kingston - Throop Avs,40.679921,-73.94085799999999
646,A47N,Kingston - Throop Avs,40.679921,-73.94085799999999
647,A47S,Kingston - Throop Avs,40.679921,-73.94085799999999
648,A48,Utica Av,40.679364,-73.930729
649,A48N,Utica Av,40.679364,-73.930729
650,A48S,Utica Av,40.679364,-73.930729
651,A49,Ralph Av,40.678822,-73.92078599999999
652,A49N,Ralph Av,40.678822,-73.92078599999999
653,A49S,Ralph Av,40.678822,-73.92078599999999
654,A50,Rockaway Av,40.678340000000006,-73.911946
655,A50N,Rockaway Av,40.678340000000006,-73.911946
656,A50S,Rockaway Av,40.678340000000006,-73.911946
657,A51,Broadway Jct,40.678334,-73.905316
658,A51N,Broadway Jct,40.678334,-73.905316
659,A51S,Broadway Jct,40.678334,-73.905316
660,A52,Liberty Av,40.674541999999995,-73.896548
661,A52N,Liberty Av,40.674541999999995,-73.896548
662,A52S,Liberty Av,40.674541999999995,-73.896548
663,A53,Van Siclen Av,40.672709999999995,-73.89035799999999
664,A53N,Van Siclen Av,40.672709999999995,-73.89035799999999
665,A53S,Van Siclen Av,40.672709999999995,-73.89035799999999
666,A54,Shepherd Av,40.67413,-73.88075
667,A54N,Shepherd Av,40.67413,-73.88075
668,A54S,Shepherd Av,40.67413,-73.88075
669,A55,Euclid Av,40.675377000000005,-73.872106
670,A55N,Euclid Av,40.675377000000005,-73.872106
671,A55S,Euclid Av,40.675377000000005,-73.872106
672,A57,Grant Av,40.677044,-73.86505
673,A57N,Grant Av,40.677044,-73.86505
674,A57S,Grant Av,40.677044,-73.86505
675,A59,80 St,40.679371,-73.858992
676,A59N,80 St,40.679371,-73.858992
677,A59S,80 St,40.679371,-73.858992
678,A60,88 St,40.679843,-73.85146999999999
679,A60N,88 St,40.679843,-73.85146999999999
680,A60S,88 St,40.679843,-73.85146999999999
681,A61,Rockaway Blvd,40.680429,-73.843853
682,A61N,Rockaway Blvd,40.680429,-73.843853
683,A61S,Rockaway Blvd,40.680429,-73.843853
684,A63,104 St,40.681711,-73.837683
685,A63N,104 St,40.681711,-73.837683
686,A63S,104 St,40.681711,-73.837683
687,A64,111 St,40.684331,-73.832163
688,A64N,111 St,40.684331,-73.832163
689,A64S,111 St,40.684331,-73.832163
690,A65,Ozone Park - Lefferts Blvd,40.685951,-73.82579799999999
691,A65N,Ozone Park - Lefferts Blvd,40.685951,-73.82579799999999
692,A65S,Ozone Park - Lefferts Blvd,40.685951,-73.82579799999999
693,B04,21 St - Queensbridge,40.754203000000004,-73.942836
694,B04N,21 St - Queensbridge,40.754203000000004,-73.942836
695,B04S,21 St - Queensbridge,40.754203000000004,-73.942836
696,B06,Roosevelt Island,40.759145000000004,-73.95326
697,B06N,Roosevelt Island,40.759145000000004,-73.95326
698,B06S,Roosevelt Island,40.759145000000004,-73.95326
699,B08,Lexington Av/63 St,40.764629,-73.966113
700,B08N,Lexington Av/63 St,40.764629,-73.966113
701,B08S,Lexington Av/63 St,40.764629,-73.966113
702,B10,57 St,40.763971999999995,-73.97745
703,B10N,57 St,40.763971999999995,-73.97745
704,B10S,57 St,40.763971999999995,-73.97745
705,B12,9 Av,40.646291999999995,-73.994324
706,B12N,9 Av,40.646291999999995,-73.994324
707,B12S,9 Av,40.646291999999995,-73.994324
708,B13,Fort Hamilton Pkwy,40.640914,-73.994304
709,B13N,Fort Hamilton Pkwy,40.640914,-73.994304
710,B13S,Fort Hamilton Pkwy,40.640914,-73.994304
711,B14,50 St,40.63626,-73.994791
712,B14N,50 St,40.63626,-73.994791
713,B14S,50 St,40.63626,-73.994791
714,B15,55 St,40.631434999999996,-73.995476
715,B15N,55 St,40.631434999999996,-73.995476
716,B15S,55 St,40.631434999999996,-73.995476
717,B16,62 St,40.626472,-73.996895
718,B16N,62 St,40.626472,-73.996895
719,B16S,62 St,40.626472,-73.996895
720,B17,71 St,40.619589000000005,-73.998864
721,B17N,71 St,40.619589000000005,-73.998864
722,B17S,71 St,40.619589000000005,-73.998864
723,B18,79 St,40.613501,-74.00061
724,B18N,79 St,40.613501,-74.00061
725,B18S,79 St,40.613501,-74.00061
726,B19,18 Av,40.607954,-74.001736
727,B19N,18 Av,40.607954,-74.001736
728,B19S,18 Av,40.607954,-74.001736
729,B20,20 Av,40.604556,-73.998168
730,B20N,20 Av,40.604556,-73.998168
731,B20S,20 Av,40.604556,-73.998168
732,B21,Bay Pkwy,40.601875,-73.993728
733,B21N,Bay Pkwy,40.601875,-73.993728
734,B21S,Bay Pkwy,40.601875,-73.993728
735,B22,25 Av,40.597704,-73.986829
736,B22N,25 Av,40.597704,-73.986829
737,B22S,25 Av,40.597704,-73.986829
738,B23,Bay 50 St,40.588840999999995,-73.983765
739,B23N,Bay 50 St,40.588840999999995,-73.983765
740,B23S,Bay 50 St,40.588840999999995,-73.983765
741,D01,Norwood - 205 St,40.874811,-73.878855
742,D01N,Norwood - 205 St,40.874811,-73.878855
743,D01S,Norwood - 205 St,40.874811,-73.878855
744,D03,Bedford Park Blvd,40.873244,-73.88713800000001
745,D03N,Bedford Park Blvd,40.873244,-73.88713800000001
746,D03S,Bedford Park Blvd,40.873244,-73.88713800000001
747,D04,Kingsbridge Rd,40.866978,-73.893509
748,D04N,Kingsbridge Rd,40.866978,-73.893509
749,D04S,Kingsbridge Rd,40.866978,-73.893509
750,D05,Fordham Rd,40.861296,-73.897749
751,D05N,Fordham Rd,40.861296,-73.897749
752,D05S,Fordham Rd,40.861296,-73.897749
753,D06,182-183 Sts,40.856093,-73.900741
754,D06N,182-183 Sts,40.856093,-73.900741
755,D06S,182-183 Sts,40.856093,-73.900741
756,D07,Tremont Av,40.85041,-73.905227
757,D07N,Tremont Av,40.85041,-73.905227
758,D07S,Tremont Av,40.85041,-73.905227
759,D08,174-175 Sts,40.8459,-73.910136
760,D08N,174-175 Sts,40.8459,-73.910136
761,D08S,174-175 Sts,40.8459,-73.910136
762,D09,170 St,40.839306,-73.9134
763,D09N,170 St,40.839306,-73.9134
764,D09S,170 St,40.839306,-73.9134
765,D10,167 St,40.833771,-73.91844
766,D10N,167 St,40.833771,-73.91844
767,D10S,167 St,40.833771,-73.91844
768,D11,161 St - Yankee Stadium,40.827905,-73.925651
769,D11N,161 St - Yankee Stadium,40.827905,-73.925651
770,D11S,161 St - Yankee Stadium,40.827905,-73.925651
771,D12,155 St,40.830135,-73.938209
772,D12N,155 St,40.830135,-73.938209
773,D12S,155 St,40.830135,-73.938209
774,D13,145 St,40.824783000000004,-73.944216
775,D13N,145 St,40.824783000000004,-73.944216
776,D13S,145 St,40.824783000000004,-73.944216
777,D14,7 Av,40.762862,-73.981637
778,D14N,7 Av,40.762862,-73.981637
779,D14S,7 Av,40.762862,-73.981637
780,D15,47-50 Sts - Rockefeller Ctr,40.758663,-73.981329
781,D15N,47-50 Sts - Rockefeller Ctr,40.758663,-73.981329
782,D15S,47-50 Sts - Rockefeller Ctr,40.758663,-73.981329
783,D16,42 St - Bryant Pk,40.754222,-73.984569
784,D16N,42 St - Bryant Pk,40.754222,-73.984569
785,D16S,42 St - Bryant Pk,40.754222,-73.984569
786,D17,34 St - Herald Sq,40.749719,-73.98782299999999
787,D17N,34 St - Herald Sq,40.749719,-73.98782299999999
788,D17S,34 St - Herald Sq,40.749719,-73.98782299999999
789,D18,23 St,40.742878000000005,-73.99282099999999
790,D18N,23 St,40.742878000000005,-73.99282099999999
791,D18S,23 St,40.742878000000005,-73.99282099999999
792,D19,14 St,40.738228,-73.996209
793,D19N,14 St,40.738228,-73.996209
794,D19S,14 St,40.738228,-73.996209
795,D20,W 4 St - Wash Sq,40.732338,-74.000495
796,D20N,W 4 St - Wash Sq,40.732338,-74.000495
797,D20S,W 4 St - Wash Sq,40.732338,-74.000495
798,D21,Broadway-Lafayette St,40.725297,-73.996204
799,D21N,Broadway-Lafayette St,40.725297,-73.996204
800,D21S,Broadway-Lafayette St,40.725297,-73.996204
801,D22,Grand St,40.718267,-73.993753
802,D22N,Grand St,40.718267,-73.993753
803,D22S,Grand St,40.718267,-73.993753
804,D24,Atlantic Av - Barclays Ctr,40.684459999999994,-73.97689
805,D24N,Atlantic Av - Barclays Ctr,40.684459999999994,-73.97689
806,D24S,Atlantic Av - Barclays Ctr,40.684459999999994,-73.97689
807,D25,7 Av,40.67705,-73.972367
808,D25N,7 Av,40.67705,-73.972367
809,D25S,7 Av,40.67705,-73.972367
810,D26,Prospect Park,40.661614,-73.962246
811,D26N,Prospect Park,40.661614,-73.962246
812,D26S,Prospect Park,40.661614,-73.962246
813,D27,Parkside Av,40.655291999999996,-73.961495
814,D27N,Parkside Av,40.655291999999996,-73.961495
815,D27S,Parkside Av,40.655291999999996,-73.961495
816,D28,Church Av,40.650527000000004,-73.962982
817,D28N,Church Av,40.650527000000004,-73.962982
818,D28S,Church Av,40.650527000000004,-73.962982
819,D29,Beverley Rd,40.644031,-73.964492
820,D29N,Beverley Rd,40.644031,-73.964492
821,D29S,Beverley Rd,40.644031,-73.964492
822,D30,Cortelyou Rd,40.640927000000005,-73.963891
823,D30N,Cortelyou Rd,40.640927000000005,-73.963891
824,D30S,Cortelyou Rd,40.640927000000005,-73.963891
825,D31,Newkirk Plaza,40.635082000000004,-73.962793
826,D31N,Newkirk Plaza,40.635082000000004,-73.962793
827,D31S,Newkirk Plaza,40.635082000000004,-73.962793
828,D32,Avenue H,40.62927,-73.961639
829,D32N,Avenue H,40.62927,-73.961639
830,D32S,Avenue H,40.62927,-73.961639
831,D33,Avenue J,40.625039,-73.960803
832,D33N,Avenue J,40.625039,-73.960803
833,D33S,Avenue J,40.625039,-73.960803
834,D34,Avenue M,40.617618,-73.959399
835,D34N,Avenue M,40.617618,-73.959399
836,D34S,Avenue M,40.617618,-73.959399
837,D35,Kings Hwy,40.608670000000004,-73.957734
838,D35N,Kings Hwy,40.608670000000004,-73.957734
839,D35S,Kings Hwy,40.608670000000004,-73.957734
840,D37,Avenue U,40.5993,-73.955929
841,D37N,Avenue U,40.5993,-73.955929
842,D37S,Avenue U,40.5993,-73.955929
843,D38,Neck Rd,40.595246,-73.955161
844,D38N,Neck Rd,40.595246,-73.955161
845,D38S,Neck Rd,40.595246,-73.955161
846,D39,Sheepshead Bay,40.586896,-73.954155
847,D39N,Sheepshead Bay,40.586896,-73.954155
848,D39S,Sheepshead Bay,40.586896,-73.954155
849,D40,Brighton Beach,40.577621,-73.961376
850,D40N,Brighton Beach,40.577621,-73.961376
851,D40S,Brighton Beach,40.577621,-73.961376
852,D41,Ocean Pkwy,40.576312,-73.968501
853,D41N,Ocean Pkwy,40.576312,-73.968501
854,D41S,Ocean Pkwy,40.576312,-73.968501
855,D42,W 8 St - NY Aquarium,40.576127,-73.975939
856,D42N,W 8 St - NY Aquarium,40.576127,-73.975939
857,D42S,W 8 St - NY Aquarium,40.576127,-73.975939
858,D43,Coney Island - Stillwell Av,40.577422,-73.98123299999999
859,D43N,Coney Island - Stillwell Av,40.577422,-73.98123299999999
860,D43S,Coney Island - Stillwell Av,40.577422,-73.98123299999999
861,E01,World Trade Center,40.712582,-74.009781
862,E01N,World Trade Center,40.712582,-74.009781
863,E01S,World Trade Center,40.712582,-74.009781
864,F01,Jamaica - 179 St,40.712646,-73.783817
865,F01N,Jamaica - 179 St,40.712646,-73.783817
866,F01S,Jamaica - 179 St,40.712646,-73.783817
867,F02,169 St,40.71047,-73.793604
868,F02N,169 St,40.71047,-73.793604
869,F02S,169 St,40.71047,-73.793604
870,F03,Parsons Blvd,40.707564,-73.803326
871,F03N,Parsons Blvd,40.707564,-73.803326
872,F03S,Parsons Blvd,40.707564,-73.803326
873,F04,Sutphin Blvd,40.705459999999995,-73.81070799999999
874,F04N,Sutphin Blvd,40.705459999999995,-73.81070799999999
875,F04S,Sutphin Blvd,40.705459999999995,-73.81070799999999
876,F05,Briarwood,40.709179,-73.820574
877,F05N,Briarwood,40.709179,-73.820574
878,F05S,Briarwood,40.709179,-73.820574
879,F06,Kew Gardens - Union Tpke,40.714441,-73.831008
880,F06N,Kew Gardens - Union Tpke,40.714441,-73.831008
881,F06S,Kew Gardens - Union Tpke,40.714441,-73.831008
882,F07,75 Av,40.718331,-73.837324
883,F07N,75 Av,40.718331,-73.837324
884,F07S,75 Av,40.718331,-73.837324
885,F09,Court Sq,40.747846,-73.946
886,F09N,Court Sq,40.747846,-73.946
887,F09S,Court Sq,40.747846,-73.946
888,F11,Lexington Av/53 St,40.757552000000004,-73.96905500000001
889,F11N,Lexington Av/53 St,40.757552000000004,-73.96905500000001
890,F11S,Lexington Av/53 St,40.757552000000004,-73.96905500000001
891,F12,5 Av/53 St,40.760166999999996,-73.975224
892,F12N,5 Av/53 St,40.760166999999996,-73.975224
893,F12S,5 Av/53 St,40.760166999999996,-73.975224
894,F14,2 Av,40.723402,-73.989938
895,F14N,2 Av,40.723402,-73.989938
896,F14S,2 Av,40.723402,-73.989938
897,F15,Delancey St - Essex St,40.718610999999996,-73.988114
898,F15N,Delancey St - Essex St,40.718610999999996,-73.988114
899,F15S,Delancey St - Essex St,40.718610999999996,-73.988114
900,F16,East Broadway,40.713715,-73.990173
901,F16N,East Broadway,40.713715,-73.990173
902,F16S,East Broadway,40.713715,-73.990173
903,F18,York St,40.701397,-73.986751
904,F18N,York St,40.701397,-73.986751
905,F18S,York St,40.701397,-73.986751
906,F20,Bergen St,40.686145,-73.99086199999999
907,F20N,Bergen St,40.686145,-73.99086199999999
908,F20S,Bergen St,40.686145,-73.99086199999999
909,F21,Carroll St,40.680303,-73.995048
910,F21N,Carroll St,40.680303,-73.995048
911,F21S,Carroll St,40.680303,-73.995048
912,F22,Smith - 9 Sts,40.67358,-73.995959
913,F22N,Smith - 9 Sts,40.67358,-73.995959
914,F22S,Smith - 9 Sts,40.67358,-73.995959
915,F23,4 Av - 9 St,40.670272,-73.989779
916,F23N,4 Av - 9 St,40.670272,-73.989779
917,F23S,4 Av - 9 St,40.670272,-73.989779
918,F24,7 Av,40.666271,-73.980305
919,F24N,7 Av,40.666271,-73.980305
920,F24S,7 Av,40.666271,-73.980305
921,F25,15 St - Prospect Park,40.660365000000006,-73.979493
922,F25N,15 St - Prospect Park,40.660365000000006,-73.979493
923,F25S,15 St - Prospect Park,40.660365000000006,-73.979493
924,F26,Fort Hamilton Pkwy,40.650782,-73.975776
925,F26N,Fort Hamilton Pkwy,40.650782,-73.975776
926,F26S,Fort Hamilton Pkwy,40.650782,-73.975776
927,F27,Church Av,40.644040999999994,-73.979678
928,F27N,Church Av,40.644040999999994,-73.979678
929,F27S,Church Av,40.644040999999994,-73.979678
930,F29,Ditmas Av,40.636119,-73.978172
931,F29N,Ditmas Av,40.636119,-73.978172
932,F29S,Ditmas Av,40.636119,-73.978172
933,F30,18 Av,40.629754999999996,-73.97697099999999
934,F30N,18 Av,40.629754999999996,-73.97697099999999
935,F30S,18 Av,40.629754999999996,-73.97697099999999
936,F31,Avenue I,40.625322,-73.976127
937,F31N,Avenue I,40.625322,-73.976127
938,F31S,Avenue I,40.625322,-73.976127
939,F32,Bay Pkwy,40.620769,-73.975264
940,F32N,Bay Pkwy,40.620769,-73.975264
941,F32S,Bay Pkwy,40.620769,-73.975264
942,F33,Avenue N,40.615140000000004,-73.974197
943,F33N,Avenue N,40.615140000000004,-73.974197
944,F33S,Avenue N,40.615140000000004,-73.974197
945,F34,Avenue P,40.608944,-73.973022
946,F34N,Avenue P,40.608944,-73.973022
947,F34S,Avenue P,40.608944,-73.973022
948,F35,Kings Hwy,40.603217,-73.97236099999999
949,F35N,Kings Hwy,40.603217,-73.97236099999999
950,F35S,Kings Hwy,40.603217,-73.97236099999999
951,F36,Avenue U,40.596063,-73.973357
952,F36N,Avenue U,40.596063,-73.973357
953,F36S,Avenue U,40.596063,-73.973357
954,F38,Avenue X,40.589620000000004,-73.97425
955,F38N,Avenue X,40.589620000000004,-73.97425
956,F38S,Avenue X,40.589620000000004,-73.97425
957,F39,Neptune Av,40.581011,-73.974574
958,F39N,Neptune Av,40.581011,-73.974574
959,F39S,Neptune Av,40.581011,-73.974574
960,G05,Jamaica Center - Parsons/Archer,40.702147,-73.801109
961,G05N,Jamaica Center - Parsons/Archer,40.702147,-73.801109
962,G05S,Jamaica Center - Parsons/Archer,40.702147,-73.801109
963,G06,Sutphin Blvd - Archer Av - JFK Airport,40.700486,-73.807969
964,G06N,Sutphin Blvd - Archer Av - JFK Airport,40.700486,-73.807969
965,G06S,Sutphin Blvd - Archer Av - JFK Airport,40.700486,-73.807969
966,G07,Jamaica - Van Wyck,40.702566,-73.816859
967,G07N,Jamaica - Van Wyck,40.702566,-73.816859
968,G07S,Jamaica - Van Wyck,40.702566,-73.816859
969,G08,Forest Hills - 71 Av,40.721691,-73.844521
970,G08N,Forest Hills - 71 Av,40.721691,-73.844521
971,G08S,Forest Hills - 71 Av,40.721691,-73.844521
972,G09,67 Av,40.726523,-73.852719
973,G09N,67 Av,40.726523,-73.852719
974,G09S,67 Av,40.726523,-73.852719
975,G10,63 Dr - Rego Park,40.729846,-73.861604
976,G10N,63 Dr - Rego Park,40.729846,-73.861604
977,G10S,63 Dr - Rego Park,40.729846,-73.861604
978,G11,Woodhaven Blvd,40.733106,-73.869229
979,G11N,Woodhaven Blvd,40.733106,-73.869229
980,G11S,Woodhaven Blvd,40.733106,-73.869229
981,G12,Grand Av - Newtown,40.737015,-73.877223
982,G12N,Grand Av - Newtown,40.737015,-73.877223
983,G12S,Grand Av - Newtown,40.737015,-73.877223
984,G13,Elmhurst Av,40.742453999999995,-73.882017
985,G13N,Elmhurst Av,40.742453999999995,-73.882017
986,G13S,Elmhurst Av,40.742453999999995,-73.882017
987,G14,Jackson Hts - Roosevelt Av,40.746644,-73.891338
988,G14N,Jackson Hts - Roosevelt Av,40.746644,-73.891338
989,G14S,Jackson Hts - Roosevelt Av,40.746644,-73.891338
990,G15,65 St,40.749669,-73.898453
991,G15N,65 St,40.749669,-73.898453
992,G15S,65 St,40.749669,-73.898453
993,G16,Northern Blvd,40.752885,-73.906006
994,G16N,Northern Blvd,40.752885,-73.906006
995,G16S,Northern Blvd,40.752885,-73.906006
996,G18,46 St,40.756312,-73.913333
997,G18N,46 St,40.756312,-73.913333
998,G18S,46 St,40.756312,-73.913333
999,G19,Steinway St,40.756879,-73.92074000000001
1000,G19N,Steinway St,40.756879,-73.92074000000001
1001,G19S,Steinway St,40.756879,-73.92074000000001
1002,G20,36 St,40.752039,-73.928781
1003,G20N,36 St,40.752039,-73.928781
1004,G20S,36 St,40.752039,-73.928781
1005,G21,Queens Plaza,40.748973,-73.93724300000001
1006,G21N,Queens Plaza,40.748973,-73.93724300000001
1007,G21S,Queens Plaza,40.748973,-73.93724300000001
1008,G22,Court Sq - 23 St,40.746553999999996,-73.943832
1009,G22N,Court Sq - 23 St,40.746553999999996,-73.943832
1010,G22S,Court Sq - 23 St,40.746553999999996,-73.943832
1011,G24,21 St,40.744065,-73.949724
1012,G24N,21 St,40.744065,-73.949724
1013,G24S,21 St,40.744065,-73.949724
1014,G26,Greenpoint Av,40.731352,-73.954449
1015,G26N,Greenpoint Av,40.731352,-73.954449
1016,G26S,Greenpoint Av,40.731352,-73.954449
1017,G28,Nassau Av,40.724635,-73.951277
1018,G28N,Nassau Av,40.724635,-73.951277
1019,G28S,Nassau Av,40.724635,-73.951277
1020,G29,Metropolitan Av,40.712792,-73.951418
1021,G29N,Metropolitan Av,40.712792,-73.951418
1022,G29S,Metropolitan Av,40.712792,-73.951418
1023,G30,Broadway,40.706092,-73.95030799999999
1024,G30N,Broadway,40.706092,-73.95030799999999
1025,G30S,Broadway,40.706092,-73.95030799999999
1026,G31,Flushing Av,40.700377,-73.950234
1027,G31N,Flushing Av,40.700377,-73.950234
1028,G31S,Flushing Av,40.700377,-73.950234
1029,G32,Myrtle - Willoughby Avs,40.694568,-73.949046
1030,G32N,Myrtle - Willoughby Avs,40.694568,-73.949046
1031,G32S,Myrtle - Willoughby Avs,40.694568,-73.949046
1032,G33,Bedford - Nostrand Avs,40.689627,-73.95352199999999
1033,G33N,Bedford - Nostrand Avs,40.689627,-73.95352199999999
1034,G33S,Bedford - Nostrand Avs,40.689627,-73.95352199999999
1035,G34,Classon Av,40.688873,-73.96007
1036,G34N,Classon Av,40.688873,-73.96007
1037,G34S,Classon Av,40.688873,-73.96007
1038,G35,Clinton - Washington Avs,40.688089,-73.96683900000001
1039,G35N,Clinton - Washington Avs,40.688089,-73.96683900000001
1040,G35S,Clinton - Washington Avs,40.688089,-73.96683900000001
1041,G36,Fulton St,40.687119,-73.975375
1042,G36N,Fulton St,40.687119,-73.975375
1043,G36S,Fulton St,40.687119,-73.975375
1044,H01,Aqueduct Racetrack,40.668234000000005,-73.834058
1045,H01N,Aqueduct Racetrack,40.668234000000005,-73.834058
1046,H01S,Aqueduct Racetrack,40.668234000000005,-73.834058
1047,H02,Aqueduct - N Conduit Av,40.668234000000005,-73.834058
1048,H02N,Aqueduct - N Conduit Av,40.668234000000005,-73.834058
1049,H02S,Aqueduct - N Conduit Av,40.668234000000005,-73.834058
1050,H03,Howard Beach - JFK Airport,40.660476,-73.830301
1051,H03N,Howard Beach - JFK Airport,40.660476,-73.830301
1052,H03S,Howard Beach - JFK Airport,40.660476,-73.830301
1053,H04,Broad Channel,40.608382,-73.815925
1054,H04N,Broad Channel,40.608382,-73.815925
1055,H04S,Broad Channel,40.608382,-73.815925
1056,H06,Beach 67 St,40.590927,-73.796924
1057,H06N,Beach 67 St,40.590927,-73.796924
1058,H06S,Beach 67 St,40.590927,-73.796924
1059,H07,Beach 60 St,40.592374,-73.788522
1060,H07N,Beach 60 St,40.592374,-73.788522
1061,H07S,Beach 60 St,40.592374,-73.788522
1062,H08,Beach 44 St,40.592943,-73.776013
1063,H08N,Beach 44 St,40.592943,-73.776013
1064,H08S,Beach 44 St,40.592943,-73.776013
1065,H09,Beach 36 St,40.595397999999996,-73.768175
1066,H09N,Beach 36 St,40.595397999999996,-73.768175
1067,H09S,Beach 36 St,40.595397999999996,-73.768175
1068,H10,Beach 25 St,40.600066,-73.761353
1069,H10N,Beach 25 St,40.600066,-73.761353
1070,H10S,Beach 25 St,40.600066,-73.761353
1071,H11,Far Rockaway - Mott Av,40.603995,-73.75540500000001
1072,H11N,Far Rockaway - Mott Av,40.603995,-73.75540500000001
1073,H11S,Far Rockaway - Mott Av,40.603995,-73.75540500000001
1074,H12,Beach 90 St,40.588034,-73.813641
1075,H12N,Beach 90 St,40.588034,-73.813641
1076,H12S,Beach 90 St,40.588034,-73.813641
1077,H13,Beach 98 St,40.585307,-73.82055799999999
1078,H13N,Beach 98 St,40.585307,-73.82055799999999
1079,H13S,Beach 98 St,40.585307,-73.82055799999999
1080,H14,Beach 105 St,40.583209000000004,-73.827559
1081,H14N,Beach 105 St,40.583209000000004,-73.827559
1082,H14S,Beach 105 St,40.583209000000004,-73.827559
1083,H15,Rockaway Park - Beach 116 St,40.580903,-73.835592
1084,H15N,Rockaway Park - Beach 116 St,40.580903,-73.835592
1085,H15S,Rockaway Park - Beach 116 St,40.580903,-73.835592
1086,H19,Broad Channel,40.609014,-73.816024
1087,H19N,Broad Channel,40.609014,-73.816024
1088,H19S,Broad Channel,40.609014,-73.816024
1089,J12,121 St,40.700492,-73.828294
1090,J12N,121 St,40.700492,-73.828294
1091,J12S,121 St,40.700492,-73.828294
1092,J13,111 St,40.697418,-73.836345
1093,J13N,111 St,40.697418,-73.836345
1094,J13S,111 St,40.697418,-73.836345
1095,J14,104 St,40.695178000000006,-73.84433
1096,J14N,104 St,40.695178000000006,-73.84433
1097,J14S,104 St,40.695178000000006,-73.84433
1098,J15,Woodhaven Blvd,40.693878999999995,-73.851576
1099,J15N,Woodhaven Blvd,40.693878999999995,-73.851576
1100,J15S,Woodhaven Blvd,40.693878999999995,-73.851576
1101,J16,85 St - Forest Pkwy,40.692434999999996,-73.86001
1102,J16N,85 St - Forest Pkwy,40.692434999999996,-73.86001
1103,J16S,85 St - Forest Pkwy,40.692434999999996,-73.86001
1104,J17,75 St - Elder Ln,40.691324,-73.867139
1105,J17N,75 St - Elder Ln,40.691324,-73.867139
1106,J17S,75 St - Elder Ln,40.691324,-73.867139
1107,J19,Cypress Hills,40.689941,-73.87255
1108,J19N,Cypress Hills,40.689941,-73.87255
1109,J19S,Cypress Hills,40.689941,-73.87255
1110,J20,Crescent St,40.683194,-73.873785
1111,J20N,Crescent St,40.683194,-73.873785
1112,J20S,Crescent St,40.683194,-73.873785
1113,J21,Norwood Av,40.68141,-73.880039
1114,J21N,Norwood Av,40.68141,-73.880039
1115,J21S,Norwood Av,40.68141,-73.880039
1116,J22,Cleveland St,40.679947,-73.884639
1117,J22N,Cleveland St,40.679947,-73.884639
1118,J22S,Cleveland St,40.679947,-73.884639
1119,J23,Van Siclen Av,40.678024,-73.891688
1120,J23N,Van Siclen Av,40.678024,-73.891688
1121,J23S,Van Siclen Av,40.678024,-73.891688
1122,J24,Alabama Av,40.676992,-73.89865400000001
1123,J24N,Alabama Av,40.676992,-73.89865400000001
1124,J24S,Alabama Av,40.676992,-73.89865400000001
1125,J27,Broadway Jct,40.679497999999995,-73.904512
1126,J27N,Broadway Jct,40.679497999999995,-73.904512
1127,J27S,Broadway Jct,40.679497999999995,-73.904512
1128,J28,Chauncey St,40.682893,-73.91045600000001
1129,J28N,Chauncey St,40.682893,-73.91045600000001
1130,J28S,Chauncey St,40.682893,-73.91045600000001
1131,J29,Halsey St,40.686370000000004,-73.91655899999999
1132,J29N,Halsey St,40.686370000000004,-73.91655899999999
1133,J29S,Halsey St,40.686370000000004,-73.91655899999999
1134,J30,Gates Av,40.68963,-73.92227
1135,J30N,Gates Av,40.68963,-73.92227
1136,J30S,Gates Av,40.68963,-73.92227
1137,J31,Kosciuszko St,40.693342,-73.928814
1138,J31N,Kosciuszko St,40.693342,-73.928814
1139,J31S,Kosciuszko St,40.693342,-73.928814
1140,L01,8 Av,40.739777000000004,-74.002578
1141,L01N,8 Av,40.739777000000004,-74.002578
1142,L01S,8 Av,40.739777000000004,-74.002578
1143,L02,6 Av,40.737334999999995,-73.996786
1144,L02N,6 Av,40.737334999999995,-73.996786
1145,L02S,6 Av,40.737334999999995,-73.996786
1146,L03,Union Sq - 14 St,40.734789,-73.99073
1147,L03N,Union Sq - 14 St,40.734789,-73.99073
1148,L03S,Union Sq - 14 St,40.734789,-73.99073
1149,L05,3 Av,40.732849,-73.986122
1150,L05N,3 Av,40.732849,-73.986122
1151,L05S,3 Av,40.732849,-73.986122
1152,L06,1 Av,40.730953,-73.981628
1153,L06N,1 Av,40.730953,-73.981628
1154,L06S,1 Av,40.730953,-73.981628
1155,L08,Bedford Av,40.717304,-73.956872
1156,L08N,Bedford Av,40.717304,-73.956872
1157,L08S,Bedford Av,40.717304,-73.956872
1158,L10,Lorimer St,40.714063,-73.950275
1159,L10N,Lorimer St,40.714063,-73.950275
1160,L10S,Lorimer St,40.714063,-73.950275
1161,L11,Graham Av,40.714565,-73.944053
1162,L11N,Graham Av,40.714565,-73.944053
1163,L11S,Graham Av,40.714565,-73.944053
1164,L12,Grand St,40.711926,-73.94067
1165,L12N,Grand St,40.711926,-73.94067
1166,L12S,Grand St,40.711926,-73.94067
1167,L13,Montrose Av,40.707739000000004,-73.93985
1168,L13N,Montrose Av,40.707739000000004,-73.93985
1169,L13S,Montrose Av,40.707739000000004,-73.93985
1170,L14,Morgan Av,40.706152,-73.93314699999999
1171,L14N,Morgan Av,40.706152,-73.93314699999999
1172,L14S,Morgan Av,40.706152,-73.93314699999999
1173,L15,Jefferson St,40.706607,-73.922913
1174,L15N,Jefferson St,40.706607,-73.922913
1175,L15S,Jefferson St,40.706607,-73.922913
1176,L16,DeKalb Av,40.703811,-73.918425
1177,L16N,DeKalb Av,40.703811,-73.918425
1178,L16S,DeKalb Av,40.703811,-73.918425
1179,L17,Myrtle - Wyckoff Avs,40.699814,-73.911586
1180,L17N,Myrtle - Wyckoff Avs,40.699814,-73.911586
1181,L17S,Myrtle - Wyckoff Avs,40.699814,-73.911586
1182,L19,Halsey St,40.695602,-73.904084
1183,L19N,Halsey St,40.695602,-73.904084
1184,L19S,Halsey St,40.695602,-73.904084
1185,L20,Wilson Av,40.688764,-73.904046
1186,L20N,Wilson Av,40.688764,-73.904046
1187,L20S,Wilson Av,40.688764,-73.904046
1188,L21,Bushwick Av - Aberdeen St,40.682829,-73.905249
1189,L21N,Bushwick Av - Aberdeen St,40.682829,-73.905249
1190,L21S,Bushwick Av - Aberdeen St,40.682829,-73.905249
1191,L22,Broadway Jct,40.678856,-73.90324
1192,L22N,Broadway Jct,40.678856,-73.90324
1193,L22S,Broadway Jct,40.678856,-73.90324
1194,L24,Atlantic Av,40.675345,-73.903097
1195,L24N,Atlantic Av,40.675345,-73.903097
1196,L24S,Atlantic Av,40.675345,-73.903097
1197,L25,Sutter Av,40.669367,-73.901975
1198,L25N,Sutter Av,40.669367,-73.901975
1199,L25S,Sutter Av,40.669367,-73.901975
1200,L26,Livonia Av,40.664038,-73.900571
1201,L26N,Livonia Av,40.664038,-73.900571
1202,L26S,Livonia Av,40.664038,-73.900571
1203,L27,New Lots Av,40.658733000000005,-73.899232
1204,L27N,New Lots Av,40.658733000000005,-73.899232
1205,L27S,New Lots Av,40.658733000000005,-73.899232
1206,L28,E 105 St,40.650573,-73.899485
1207,L28N,E 105 St,40.650573,-73.899485
1208,L28S,E 105 St,40.650573,-73.899485
1209,L29,Canarsie - Rockaway Pkwy,40.646654,-73.90185
1210,L29N,Canarsie - Rockaway Pkwy,40.646654,-73.90185
1211,L29S,Canarsie - Rockaway Pkwy,40.646654,-73.90185
1212,M01,Middle Village - Metropolitan Av,40.711396,-73.889601
1213,M01N,Middle Village - Metropolitan Av,40.711396,-73.889601
1214,M01S,Middle Village - Metropolitan Av,40.711396,-73.889601
1215,M04,Fresh Pond Rd,40.706185999999995,-73.895877
1216,M04N,Fresh Pond Rd,40.706185999999995,-73.895877
1217,M04S,Fresh Pond Rd,40.706185999999995,-73.895877
1218,M05,Forest Av,40.704423,-73.903077
1219,M05N,Forest Av,40.704423,-73.903077
1220,M05S,Forest Av,40.704423,-73.903077
1221,M06,Seneca Av,40.702762,-73.90774
1222,M06N,Seneca Av,40.702762,-73.90774
1223,M06S,Seneca Av,40.702762,-73.90774
1224,M08,Myrtle - Wyckoff Avs,40.69943,-73.912385
1225,M08N,Myrtle - Wyckoff Avs,40.69943,-73.912385
1226,M08S,Myrtle - Wyckoff Avs,40.69943,-73.912385
1227,M09,Knickerbocker Av,40.698664,-73.91971099999999
1228,M09N,Knickerbocker Av,40.698664,-73.91971099999999
1229,M09S,Knickerbocker Av,40.698664,-73.91971099999999
1230,M10,Central Av,40.697857,-73.927397
1231,M10N,Central Av,40.697857,-73.927397
1232,M10S,Central Av,40.697857,-73.927397
1233,M11,Myrtle Av,40.697207,-73.93565699999999
1234,M11N,Myrtle Av,40.697207,-73.93565699999999
1235,M11S,Myrtle Av,40.697207,-73.93565699999999
1236,M12,Flushing Av,40.70026,-73.941126
1237,M12N,Flushing Av,40.70026,-73.941126
1238,M12S,Flushing Av,40.70026,-73.941126
1239,M13,Lorimer St,40.703869,-73.947408
1240,M13N,Lorimer St,40.703869,-73.947408
1241,M13S,Lorimer St,40.703869,-73.947408
1242,M14,Hewes St,40.70687,-73.95343100000001
1243,M14N,Hewes St,40.70687,-73.95343100000001
1244,M14S,Hewes St,40.70687,-73.95343100000001
1245,M16,Marcy Av,40.708359,-73.957757
1246,M16N,Marcy Av,40.708359,-73.957757
1247,M16S,Marcy Av,40.708359,-73.957757
1248,M18,Delancy St - Essex St,40.718315000000004,-73.987437
1249,M18N,Delancy St - Essex St,40.718315000000004,-73.987437
1250,M18S,Delancy St - Essex St,40.718315000000004,-73.987437
1251,M19,Bowery,40.720279999999995,-73.993915
1252,M19N,Bowery,40.720279999999995,-73.993915
1253,M19S,Bowery,40.720279999999995,-73.993915
1254,M20,Canal St,40.718092,-73.999892
1255,M20N,Canal St,40.718092,-73.999892
1256,M20S,Canal St,40.718092,-73.999892
1257,M21,Chambers St,40.713243,-74.003401
1258,M21N,Chambers St,40.713243,-74.003401
1259,M21S,Chambers St,40.713243,-74.003401
1260,M22,Fulton St,40.710374,-74.007582
1261,M22N,Fulton St,40.710374,-74.007582
1262,M22S,Fulton St,40.710374,-74.007582
1263,M23,Broad St,40.706476,-74.01105600000001
1264,M23N,Broad St,40.706476,-74.01105600000001
1265,M23S,Broad St,40.706476,-74.01105600000001
1266,N02,8 Av,40.635064,-74.011719
1267,N02N,8 Av,40.635064,-74.011719
1268,N02S,8 Av,40.635064,-74.011719
1269,N03,Fort Hamilton Pkwy,40.631386,-74.005351
1270,N03N,Fort Hamilton Pkwy,40.631386,-74.005351
1271,N03S,Fort Hamilton Pkwy,40.631386,-74.005351
1272,N04,New Utrecht Av,40.624842,-73.996353
1273,N04N,New Utrecht Av,40.624842,-73.996353
1274,N04S,New Utrecht Av,40.624842,-73.996353
1275,N05,18 Av,40.620671,-73.990414
1276,N05N,18 Av,40.620671,-73.990414
1277,N05S,18 Av,40.620671,-73.990414
1278,N06,20 Av,40.61741,-73.985026
1279,N06N,20 Av,40.61741,-73.985026
1280,N06S,20 Av,40.61741,-73.985026
1281,N07,Bay Pkwy,40.611815,-73.981848
1282,N07N,Bay Pkwy,40.611815,-73.981848
1283,N07S,Bay Pkwy,40.611815,-73.981848
1284,N08,Kings Hwy,40.603922999999995,-73.98035300000001
1285,N08N,Kings Hwy,40.603922999999995,-73.98035300000001
1286,N08S,Kings Hwy,40.603922999999995,-73.98035300000001
1287,N09,Avenue U,40.597473,-73.979137
1288,N09N,Avenue U,40.597473,-73.979137
1289,N09S,Avenue U,40.597473,-73.979137
1290,N10,86 St,40.592721000000004,-73.97823000000001
1291,N10N,86 St,40.592721000000004,-73.97823000000001
1292,N10S,86 St,40.592721000000004,-73.97823000000001
1293,N12,S.B. Coney Island,40.577422,-73.98123299999999
1294,N12N,S.B. Coney Island,40.577422,-73.98123299999999
1295,N12S,S.B. Coney Island,40.577422,-73.98123299999999
1296,Q01,Canal St,40.718383,-74.00046
1297,Q01N,Canal St,40.718383,-74.00046
1298,Q01S,Canal St,40.718383,-74.00046
1299,Q03,72 St,40.768799,-73.958424
1300,Q03N,72 St,40.768799,-73.958424
1301,Q03S,72 St,40.768799,-73.958424
1302,Q04,86 St,40.777891,-73.951787
1303,Q04N,86 St,40.777891,-73.951787
1304,Q04S,86 St,40.777891,-73.951787
1305,Q05,96 St,40.784318,-73.947152
1306,Q05N,96 St,40.784318,-73.947152
1307,Q05S,96 St,40.784318,-73.947152
1308,R01,Astoria - Ditmars Blvd,40.775036,-73.91203399999999
1309,R01N,Astoria - Ditmars Blvd,40.775036,-73.91203399999999
1310,R01S,Astoria - Ditmars Blvd,40.775036,-73.91203399999999
1311,R03,Astoria Blvd,40.770258,-73.917843
1312,R03N,Astoria Blvd,40.770258,-73.917843
1313,R03S,Astoria Blvd,40.770258,-73.917843
1314,R04,30 Av,40.766779,-73.921479
1315,R04N,30 Av,40.766779,-73.921479
1316,R04S,30 Av,40.766779,-73.921479
1317,R05,Broadway,40.76182,-73.925508
1318,R05N,Broadway,40.76182,-73.925508
1319,R05S,Broadway,40.76182,-73.925508
1320,R06,36 Av,40.756803999999995,-73.929575
1321,R06N,36 Av,40.756803999999995,-73.929575
1322,R06S,36 Av,40.756803999999995,-73.929575
1323,R08,39 Av - Dutch Kills,40.752882,-73.932755
1324,R08N,39 Av - Dutch Kills,40.752882,-73.932755
1325,R08S,39 Av - Dutch Kills,40.752882,-73.932755
1326,R09,Queensboro Plaza,40.750582,-73.940202
1327,R09N,Queensboro Plaza,40.750582,-73.940202
1328,R09S,Queensboro Plaza,40.750582,-73.940202
1329,R11,Lexington Av/59 St,40.76266,-73.967258
1330,R11N,Lexington Av/59 St,40.76266,-73.967258
1331,R11S,Lexington Av/59 St,40.76266,-73.967258
1332,R13,5 Av/59 St,40.764811,-73.973347
1333,R13N,5 Av/59 St,40.764811,-73.973347
1334,R13S,5 Av/59 St,40.764811,-73.973347
1335,R14,57 St - 7 Av,40.764664,-73.98065799999999
1336,R14N,57 St - 7 Av,40.764664,-73.98065799999999
1337,R14S,57 St - 7 Av,40.764664,-73.98065799999999
1338,R15,49 St,40.759901,-73.984139
1339,R15N,49 St,40.759901,-73.984139
1340,R15S,49 St,40.759901,-73.984139
1341,R16,Times Sq - 42 St,40.754672,-73.986754
1342,R16N,Times Sq - 42 St,40.754672,-73.986754
1343,R16S,Times Sq - 42 St,40.754672,-73.986754
1344,R17,34 St - Herald Sq,40.749567,-73.98795
1345,R17N,34 St - Herald Sq,40.749567,-73.98795
1346,R17S,34 St - Herald Sq,40.749567,-73.98795
1347,R18,28 St,40.745494,-73.988691
1348,R18N,28 St,40.745494,-73.988691
1349,R18S,28 St,40.745494,-73.988691
1350,R19,23 St,40.741303,-73.98934399999999
1351,R19N,23 St,40.741303,-73.98934399999999
1352,R19S,23 St,40.741303,-73.98934399999999
1353,R20,14 St - Union Sq,40.735735999999996,-73.99056800000001
1354,R20N,14 St - Union Sq,40.735735999999996,-73.99056800000001
1355,R20S,14 St - Union Sq,40.735735999999996,-73.99056800000001
1356,R21,8 St - NYU,40.730328,-73.99262900000001
1357,R21N,8 St - NYU,40.730328,-73.99262900000001
1358,R21S,8 St - NYU,40.730328,-73.99262900000001
1359,R22,Prince St,40.724329,-73.997702
1360,R22N,Prince St,40.724329,-73.997702
1361,R22S,Prince St,40.724329,-73.997702
1362,R23,Canal St,40.719527,-74.001775
1363,R23N,Canal St,40.719527,-74.001775
1364,R23S,Canal St,40.719527,-74.001775
1365,R24,City Hall,40.713282,-74.006978
1366,R24N,City Hall,40.713282,-74.006978
1367,R24S,City Hall,40.713282,-74.006978
1368,R25,Cortlandt St,40.710668,-74.01102900000001
1369,R25N,Cortlandt St,40.710668,-74.01102900000001
1370,R25S,Cortlandt St,40.710668,-74.01102900000001
1371,R26,Rector St,40.70722,-74.01334200000001
1372,R26N,Rector St,40.70722,-74.01334200000001
1373,R26S,Rector St,40.70722,-74.01334200000001
1374,R27,Whitehall St - South Ferry,40.703087,-74.01299399999999
1375,R27N,Whitehall St - South Ferry,40.703087,-74.01299399999999
1376,R27S,Whitehall St - South Ferry,40.703087,-74.01299399999999
1377,R28,Court St,40.6941,-73.991777
1378,R28N,Court St,40.6941,-73.991777
1379,R28S,Court St,40.6941,-73.991777
1380,R29,Jay St - MetroTech,40.69218,-73.98594200000001
1381,R29N,Jay St - MetroTech,40.69218,-73.98594200000001
1382,R29S,Jay St - MetroTech,40.69218,-73.98594200000001
1383,R30,DeKalb Av,40.690635,-73.981824
1384,R30N,DeKalb Av,40.690635,-73.981824
1385,R30S,DeKalb Av,40.690635,-73.981824
1386,R31,Atlantic Av - Barclays Ctr,40.683665999999995,-73.97881
1387,R31N,Atlantic Av - Barclays Ctr,40.683665999999995,-73.97881
1388,R31S,Atlantic Av - Barclays Ctr,40.683665999999995,-73.97881
1389,R32,Union St,40.677316,-73.98311
1390,R32N,Union St,40.677316,-73.98311
1391,R32S,Union St,40.677316,-73.98311
1392,R33,4 Av - 9 St,40.670846999999995,-73.988302
1393,R33N,4 Av - 9 St,40.670846999999995,-73.988302
1394,R33S,4 Av - 9 St,40.670846999999995,-73.988302
1395,R34,Prospect Av,40.665414,-73.99287199999999
1396,R34N,Prospect Av,40.665414,-73.99287199999999
1397,R34S,Prospect Av,40.665414,-73.99287199999999
1398,R35,25 St,40.660396999999996,-73.998091
1399,R35N,25 St,40.660396999999996,-73.998091
1400,R35S,25 St,40.660396999999996,-73.998091
1401,R36,36 St,40.655144,-74.00354899999999
1402,R36N,36 St,40.655144,-74.00354899999999
1403,R36S,36 St,40.655144,-74.00354899999999
1404,R39,45 St,40.648939,-74.010006
1405,R39N,45 St,40.648939,-74.010006
1406,R39S,45 St,40.648939,-74.010006
1407,R40,53 St,40.645069,-74.014034
1408,R40N,53 St,40.645069,-74.014034
1409,R40S,53 St,40.645069,-74.014034
1410,R41,59 St,40.641362,-74.017881
1411,R41N,59 St,40.641362,-74.017881
1412,R41S,59 St,40.641362,-74.017881
1413,R42,Bay Ridge Av,40.634966999999996,-74.023377
1414,R42N,Bay Ridge Av,40.634966999999996,-74.023377
1415,R42S,Bay Ridge Av,40.634966999999996,-74.023377
1416,R43,77 St,40.629742,-74.02551
1417,R43N,77 St,40.629742,-74.02551
1418,R43S,77 St,40.629742,-74.02551
1419,R44,86 St,40.622687,-74.028398
1420,R44N,86 St,40.622687,-74.028398
1421,R44S,86 St,40.622687,-74.028398
1422,R45,Bay Ridge - 95 St,40.616622,-74.030876
1423,R45N,Bay Ridge - 95 St,40.616622,-74.030876
1424,R45S,Bay Ridge - 95 St,40.616622,-74.030876
1425,S01,Franklin Av,40.680596,-73.955827
1426,S01N,Franklin Av,40.680596,-73.955827
1427,S01S,Franklin Av,40.680596,-73.955827
1428,S03,Park Pl,40.674772,-73.957624
1429,S03N,Park Pl,40.674772,-73.957624
1430,S03S,Park Pl,40.674772,-73.957624
1431,S04,Botanic Garden,40.670343,-73.959245
1432,S04N,Botanic Garden,40.670343,-73.959245
1433,S04S,Botanic Garden,40.670343,-73.959245
1434,S09,Tottenville,40.512764000000004,-74.251961
1435,S09N,Tottenville,40.512764000000004,-74.251961
1436,S09S,Tottenville,40.512764000000004,-74.251961
1437,S10,Atlantic,40.515401000000004,-74.245689
1438,S10N,Atlantic,40.515401000000004,-74.245689
1439,S10S,Atlantic,40.515401000000004,-74.245689
1440,S11,Arthur Kill,40.516578,-74.24209599999999
1441,S11N,Arthur Kill,40.516578,-74.24209599999999
1442,S11S,Arthur Kill,40.516578,-74.24209599999999
1443,S12,Nassau,40.517812,-74.238373
1444,S12N,Nassau,40.517812,-74.238373
1445,S12S,Nassau,40.517812,-74.238373
1446,S13,Richmond Valley,40.519631,-74.229141
1447,S13N,Richmond Valley,40.519631,-74.229141
1448,S13S,Richmond Valley,40.519631,-74.229141
1449,S14,Pleasant Plains,40.52241,-74.21784699999999
1450,S14N,Pleasant Plains,40.52241,-74.21784699999999
1451,S14S,Pleasant Plains,40.52241,-74.21784699999999
1452,S15,Prince's Bay,40.525507,-74.200064
1453,S15N,Prince's Bay,40.525507,-74.200064
1454,S15S,Prince's Bay,40.525507,-74.200064
1455,S16,Huguenot,40.533674,-74.19179399999999
1456,S16N,Huguenot,40.533674,-74.19179399999999
1457,S16S,Huguenot,40.533674,-74.19179399999999
1458,S17,Annadale,40.540459999999996,-74.178217
1459,S17N,Annadale,40.540459999999996,-74.178217
1460,S17S,Annadale,40.540459999999996,-74.178217
1461,S18,Eltingville,40.544601,-74.16457
1462,S18N,Eltingville,40.544601,-74.16457
1463,S18S,Eltingville,40.544601,-74.16457
1464,S19,Great Kills,40.551231,-74.151399
1465,S19N,Great Kills,40.551231,-74.151399
1466,S19S,Great Kills,40.551231,-74.151399
1467,S20,Bay Terrace,40.5564,-74.136907
1468,S20N,Bay Terrace,40.5564,-74.136907
1469,S20S,Bay Terrace,40.5564,-74.136907
1470,S21,Oakwood Heights,40.56511,-74.12631999999999
1471,S21N,Oakwood Heights,40.56511,-74.12631999999999
1472,S21S,Oakwood Heights,40.56511,-74.12631999999999
1473,S22,New Dorp,40.573479999999996,-74.11721
1474,S22N,New Dorp,40.573479999999996,-74.11721
1475,S22S,New Dorp,40.573479999999996,-74.11721
1476,S23,Grant City,40.578965000000004,-74.10970400000001
1477,S23N,Grant City,40.578965000000004,-74.10970400000001
1478,S23S,Grant City,40.578965000000004,-74.10970400000001
1479,S24,Jefferson Av,40.583591,-74.103338
1480,S24N,Jefferson Av,40.583591,-74.103338
1481,S24S,Jefferson Av,40.583591,-74.103338
1482,S25,Dongan Hills,40.588848999999996,-74.09609
1483,S25N,Dongan Hills,40.588848999999996,-74.09609
1484,S25S,Dongan Hills,40.588848999999996,-74.09609
1485,S26,Old Town,40.596612,-74.08736800000001
1486,S26N,Old Town,40.596612,-74.08736800000001
1487,S26S,Old Town,40.596612,-74.08736800000001
1488,S27,Grasmere,40.603117,-74.084087
1489,S27N,Grasmere,40.603117,-74.084087
1490,S27S,Grasmere,40.603117,-74.084087
1491,S28,Clifton,40.621319,-74.071402
1492,S28N,Clifton,40.621319,-74.071402
1493,S28S,Clifton,40.621319,-74.071402
1494,S29,Stapleton,40.627915,-74.075162
1495,S29N,Stapleton,40.627915,-74.075162
1496,S29S,Stapleton,40.627915,-74.075162
1497,S30,Tompkinsville,40.636949,-74.074835
1498,S30N,Tompkinsville,40.636949,-74.074835
1499,S30S,Tompkinsville,40.636949,-74.074835
1500,S31,St George,40.643747999999995,-74.073643
1501,S31N,St George,40.643747999999995,-74.073643
1502,S31S,St George,40.643747999999995,-74.073643
